scenario,final_cost,do_nothing,oracle,early_penalty,late_penalty,work_cost,limit_penalty,raw_hours,travel_hours,service_hours,overtime_hours,days_used,devices_replaced,devices_late,days_over_cap,weeks_over_cap
s_0,476.53083333333336,3047.916666666667,182.321,113.6042,340.0,22.9267,0.0,15.4633,1.9633,13.5,7.4633,1,12,5,0,0
s_1,681.6051666666666,3827.916666666667,187.961,123.6042,530.0,28.001,0.0,18.0005,2.0005,16.0,10.0005,1,14,6,0,0
s_2,875.0478333333333,4887.916666666666,205.13216666666668,139.1042,700.0,35.9437,0.0,21.9718,2.2218,19.75,13.9718,1,17,7,0,0
s_3,1066.6778333333332,6187.916666666666,366.38433333333336,135.1042,690.0,41.5737,200.0,24.7868,2.2868,22.5,16.7868,1,20,12,1,1
s_4,2351.8121666666666,7437.916666666667,778.4314999999999,38.1042,2050.0,63.708,200.0,35.854,17.104,18.75,27.854,1,15,22,1,1
s_5,1237.2633333333333,8470.0,549.6566666666668,133.5,820.0,83.7633,200.0,45.8817,18.1317,27.75,37.8817,1,25,17,1,1
s_6,1795.954,9610.0,456.13633333333337,83.0,1430.0,82.954,200.0,45.477,17.977,27.5,37.477,1,24,20,1,1
s_7,1261.782983820324,10807.5,475.3475,355.5197,617.5,88.7633,200.0,48.3817,18.1317,30.25,40.3817,1,33,20,1,1
s_8,1224.9456504869906,11947.5,528.856,341.0197,587.5,96.426,200.0,52.213,18.463,33.75,44.213,1,35,25,1,1
s_9,1808.153935281296,12877.5,567.7293333333333,830.0786,677.5,100.5753,200.0,54.2877,18.5377,35.75,46.2877,1,41,29,1,1
s_10,1721.131967640648,13647.5,574.6088333333333,423.706,997.5,99.926,200.0,53.963,18.463,35.5,45.963,1,38,29,1,1
s_11,1221.2289514609722,14377.5,584.3405,644.0173,270.0,107.2117,200.0,57.6058,18.3558,39.25,49.6058,1,45,27,1,1
s_12,1526.4582686146298,15128.75,625.2083333333333,864.7036,351.25,110.5047,200.0,59.2523,18.5023,40.75,51.2523,1,51,32,1,1
s_13,1760.0402686146294,16091.25,661.3555,759.5786,691.25,109.2117,200.0,58.6058,18.3558,40.25,50.6058,1,49,37,1,1
s_14,1713.3954352812964,17040.833333333336,710.5581666666667,780.0161,619.5833,113.796,200.0,60.898,18.648,42.25,52.898,1,53,40,1,1
s_15,1998.239601947963,18147.916666666668,716.0361666666666,899.8286,779.5833,118.8277,200.0,63.4138,18.6638,44.75,55.4138,1,57,42,1,1
s_16,2144.9292686146296,19397.916666666664,758.0516666666667,766.3286,1059.5833,119.0173,200.0,63.5087,18.5087,45.0,55.5087,1,58,42,1,1
s_17,2873.3575534089355,20780.416666666664,751.4698333333333,1276.8876,1242.0833,154.3867,200.0,81.1933,31.1933,50.0,73.1933,1,66,44,1,1
s_18,3015.7455048699076,22080.833333333332,810.6758333333333,1535.5298,1114.1667,166.049,200.0,87.0245,33.7745,53.25,79.0245,1,71,50,1,1
s_19,3672.0067249455096,23130.833333333332,818.0331666666666,2343.6257,980.0,148.381,200.0,78.1905,21.1905,57.0,70.1905,1,82,50,1,1
s_20,2917.220021049584,24071.666666666668,844.887,1303.406,1270.4167,143.3973,200.0,75.6987,21.4487,54.25,67.6987,1,73,54,1,1
s_21,4736.401757304861,24954.583333333336,1241.4506666666666,1845.7114,2502.9167,187.7737,200.0,97.8868,41.3868,56.5,89.8868,1,76,62,1,1
s_22,4043.0998592528244,25794.583333333336,1047.1966666666665,2301.6025,1360.0,181.4973,200.0,94.7487,34.2487,60.5,86.7487,1,88,59,1,1
s_23,4823.502391612176,26592.083333333336,1340.422,1905.0841,2540.4167,178.0017,200.0,93.0008,33.7508,59.25,85.0008,1,81,63,1,1
s_24,3382.4625259194913,27330.416666666668,1094.5526666666665,2100.3109,890.0,192.1517,200.0,100.0758,34.8258,65.25,92.0758,1,91,62,1,1
s_25,3077.276208765834,28030.416666666668,1093.3944999999999,2003.6245,680.0,193.6517,200.0,100.8258,34.8258,66.0,92.8258,1,94,61,1,1
s_26,3025.4374239715285,28630.0,1011.387,1599.5864,1040.0,185.851,200.0,96.9255,33.9255,63.0,88.9255,1,90,63,1,1
s_27,2929.1921553568986,29090.0,1040.164,1068.8412,1480.0,180.351,200.0,94.1755,33.9255,60.25,86.1755,1,83,66,1,1
s_28,3357.727440151204,29524.166666666664,1072.6026666666667,1422.9001,1550.0,184.8273,200.0,96.4137,33.9137,62.5,88.4137,1,90,68,1,1
s_29,2821.5411229975466,29924.166666666664,1089.1776666666665,1208.2138,1230.0,183.3273,200.0,95.6637,33.9137,61.75,87.6637,1,89,70,1,1
s_30,2715.320822023565,30344.166666666664,1104.4018333333333,982.3412,1350.0,182.9797,200.0,95.4898,34.7398,60.75,87.4898,1,87,72,1,1
s_31,4114.988213635741,30884.166666666664,1129.6481666666666,2209.0085,1510.0,195.9797,200.0,101.9898,34.7398,67.25,93.9898,1,105,73,1,1
s_32,3568.6954984300473,31624.166666666664,1149.592,2324.5675,840.0,204.128,200.0,106.064,34.064,72.0,98.064,1,112,72,1,1
s_33,3673.8471489170383,32324.166666666664,1191.6801666666665,2249.2538,1020.0,204.5933,200.0,106.2967,34.0467,72.25,98.2967,1,113,75,1,1
s_34,3659.463514609723,32970.0,1229.2894999999999,1985.0895,1270.0,204.374,200.0,106.187,34.437,71.75,98.187,1,111,78,1,1
s_35,3856.298783224353,33630.0,1211.6053333333334,2158.8348,1280.0,217.464,200.0,112.732,37.232,75.5,104.732,1,118,78,1,1
s_36,4897.682487120279,34250.0,1219.1513333333332,2531.0545,1950.0,216.628,200.0,112.314,34.064,78.25,104.314,1,127,81,1,1
s_37,4350.423788094261,34730.0,1207.0063333333333,2434.9271,1490.0,225.4967,200.0,116.7483,37.2483,79.5,108.7483,1,130,82,1,1
s_38,4528.48836899264,35040.0,1220.6913333333332,1987.2664,2130.0,211.222,200.0,109.611,34.861,74.75,101.611,1,123,84,1,1
s_39,5630.311619857642,35500.0,1234.141,3977.1196,1190.0,263.192,200.0,135.596,37.096,98.5,127.596,1,178,83,1,1
s_40,5421.026619857642,35980.0,1243.357,3726.1196,1240.0,254.907,200.0,131.4535,34.2035,97.25,123.4535,1,179,83,1,1
s_41,4493.974034089354,36440.0,1257.2503333333334,3193.188,840.0,260.786,200.0,134.393,37.893,96.5,126.393,1,174,84,1,1
s_42,5640.8865,37109.166666666664,1277.4271666666666,4216.1458,942.0833,282.6573,200.0,145.3287,37.0787,108.25,137.3287,1,209,86,1,1
s_43,6487.8865,37839.166666666664,1282.9271666666666,4627.1458,1372.0833,288.6573,200.0,148.3287,37.0787,111.25,140.3287,1,221,86,1,1
s_44,5513.3865,38539.166666666664,1285.2086666666667,3992.6458,1042.0833,278.6573,200.0,143.3287,37.0787,106.25,135.3287,1,205,87,1,1
s_45,5773.421166666666,39039.166666666664,1309.4365,4150.1458,1142.0833,281.192,200.0,144.596,37.096,107.5,136.596,1,210,90,1,1
s_46,5945.715166666666,39449.166666666664,1314.9283333333333,4240.1458,1222.0833,283.486,200.0,145.743,36.993,108.75,137.743,1,213,91,1,1
s_47,6254.921166666666,39799.166666666664,1307.2336666666665,4474.6458,1292.0833,288.192,200.0,148.096,37.096,111.0,140.096,1,220,91,1,1
